episode,steps,total_reward,cities_imaged,imaging_efficiency,terminated,truncated
0,89,14.42374413077593,31,0.4652820687347074,True,True
1,91,14.78284146622226,23,0.6427322376618374,True,True
2,91,14.416584425914715,34,0.42401718899749163,True,True
3,100,25.970660217677167,50,0.5194132043535433,False,False
4,100,22.189443055390658,49,0.4528457766406257,False,False
