episode,steps,total_reward,cities_imaged,imaging_efficiency,terminated,truncated
0,100,46.084017882293665,54,0.8534077385609938,False,False
1,100,37.223050632269114,36,1.033973628674142,False,False
2,100,43.753453862149826,51,0.8579108600421534,False,False
3,100,40.04225190965542,53,0.7555141869746306,False,False
4,98,37.64144767673398,34,1.107101402256882,True,True
