episode,steps,total_reward,cities_imaged,imaging_efficiency,terminated,truncated
0,69,3.5962747555325287,10,0.35962747555325286,True,True
1,73,4.494771277957858,9,0.4994190308842064,True,True
2,53,-6.641275293203186,8,-0.8301594116503983,True,False
3,86,9.771823917610314,27,0.36191940435593756,True,True
4,83,6.988481122210533,19,0.36781479590581756,True,True
