episode,steps,total_reward,cities_imaged,imaging_efficiency,terminated,truncated
0,33,-13.478144831708974,11,-1.2252858937917248,True,False
1,77,10.106675378928069,14,0.7219053842091477,True,True
2,82,17.498590918974905,25,0.6999436367589962,True,True
3,73,7.854415402983623,16,0.4909009626864764,True,True
4,73,10.055693356567048,10,1.0055693356567048,True,True
