episode,steps,total_reward,cities_imaged,imaging_efficiency,terminated,truncated
0,100,16.027534444032796,33,0.48568286194038773,False,False
1,88,13.646709081459623,22,0.6203049582481647,True,True
2,100,18.041420925467957,32,0.5637944039208737,False,False
3,97,11.860669144707847,28,0.42359532659670884,True,True
4,100,19.35044532824814,35,0.5528698665213754,False,False
