episode,steps,total_reward,cities_imaged,imaging_efficiency,terminated,truncated
0,100,25.183188459458847,62,0.4061804590235298,False,False
1,100,17.567356704835603,36,0.4879821306898779,False,False
2,100,24.33386064613901,48,0.506955430127896,False,False
3,99,20.313503516243365,44,0.4616705344600765,True,True
4,96,21.91967294526402,36,0.6088798040351117,True,True
