episode,steps,total_reward,cities_imaged,imaging_efficiency,terminated,truncated
0,88,9.758011371301793,23,0.42426136396964315,True,True
1,74,5.279029175560986,14,0.37707351254007043,True,True
2,100,8.377908159801345,27,0.31029289480745725,False,False
3,75,5.599525609648509,16,0.34997035060303183,True,True
4,83,7.247505956854402,19,0.3814476819397054,True,True
